cod_cliente;nome_cliente;idade_cliente;email_cliente
1;"Diogo Pereira";22;diogo.pereira@itau.com.br
2;"Lais dos Santos";18;lais.santos@itau.com.br
3;"Bruno Cazari";23;bruno.cazari@itau.com.br
4;"Estevam Martins";28;estevam.martins@itau.com.br
5;"Dawn M. Gregory";47;Sed@magnaDuisdignissim.ca
6;"Peter Owens";95;Nulla.facilisis.Suspendisse@condimentum.com
7;"Ciara M. Noel";89;sagittis.Duis.gravida@nisiAeneaneget.co.uk
8;"Andrew Daniel";96;ornare.In@idante.edu
9;"Hoyt I. Ball";109;sed.pede@commodoauctorvelit.org
10;"Roary Pate";52;Cum.sociis.natoque@rutrum.co.uk
11;"Prescott Pollard";42;molestie@vestibulumneceuismod.edu
12;"Ann E. Meadows";35;Aenean.gravida@dignissimMaecenas.com
13;"Zorita V. Gilliam";67;vitae@tincidunt.com
14;"Palmer E. Horn";71;nascetur@feugiat.ca
15;"Caleb U. Davis";70;libero@eget.com
16;"Nicole Dyer";18;pharetra.ut.pharetra@ornareplacerat.ca
17;"Aubrey S. Hopper";98;massa@mauris.ca
18;"Meghan H. Singleton";82;Sed@nec.ca
19;"Lara Z. Carr";27;eros.turpis@utdolor.net
20;"Zeus Z. Byers";96;sociis.natoque@et.com
21;"Alexis U. Quinn";58;quis.accumsan.convallis@metus.net
22;"Garrett Vinson";106;vel.quam@acrisus.co.uk
23;"Rogan Abbott";56;mauris@antedictum.net
24;"Beck Kline";81;augue@Integervulputate.edu
25;"Wynter Z. Snider";93;arcu@malesuada.com
26;"Branden Haley";103;sagittis.placerat@montesnasceturridiculus.com
27;"Alexander K. Hyde";24;dignissim.pharetra.Nam@pharetranibhAliquam.edu
28;"Yen Copeland";107;gravida@pede.net
29;"Gemma Vaughan";54;sem.Pellentesque@bibendumDonec.org
30;"Hoyt Q. Vargas";80;amet.luctus@sapiencursus.org
31;"Athena Wallace";74;Aenean.massa@risus.edu
32;"David Dominguez";94;Nullam.velit@nunc.net
33;"Devin P. Barrera";60;eget.varius@turpis.ca
34;"Jakeem Downs";98;Suspendisse.sagittis.Nullam@amet.edu
35;"Elvis K. Robinson";54;Sed@Duis.com
36;"Silas H. Buckley";26;imperdiet.nec.leo@nibh.net
37;"Kato G. Dickson";72;urna.nec.luctus@eratVivamus.org
38;"Jeanette T. Oneal";103;lectus@dui.org
39;"Brittany G. Garrett";57;diam.eu@accumsanconvallis.edu
40;"Joan Benson";43;ipsum.non.arcu@risusodioauctor.org
41;"Felicia Carney";41;fermentum@et.co.uk
42;"Octavius Huber";81;elit.Nulla@diameudolor.ca
43;"Garrett A. Vincent";54;ridiculus@nuncullamcorper.net
44;"Beck Meyers";33;vulputate@ametfaucibusut.edu
45;"Nichole G. Mcleod";18;nisl.arcu.iaculis@malesuada.org
46;"Nicholas Q. Clemons";35;risus@loremeget.co.uk
47;"Damian Richmond";22;libero@euismodindolor.co.uk
48;"Armando T. Nieves";75;a.magna@ornaretortor.net
49;"Stella O. Morgan";30;pede.Suspendisse.dui@sociisnatoque.com
50;"Darryl Allen";106;cursus.Integer.mollis@sedturpisnec.com
51;"Lewis G. Simon";52;eget@luctusCurabituregestas.net
52;"Kermit K. Benson";32;lorem.fringilla@nislelementum.ca
53;"Clementine David";85;sodales.nisi@acnulla.org
54;"Lael Y. Perez";24;dignissim.pharetra@Morbisit.net
55;"Wesley Hyde";93;sit@Curabitur.org
56;"Joan S. Conner";87;nunc@Etiam.net
57;"Uriel U. Salas";32;feugiat.placerat@aliquetlobortis.net
58;"Autumn Landry";89;convallis@Nuncquisarcu.edu
59;"Tashya R. Woodward";101;molestie.orci.tincidunt@nibhAliquamornare.ca
60;"Natalie Moses";29;Aliquam@luctus.co.uk
61;"Walter Thompson";81;tortor@turpisNulla.ca
62;"Charlotte Ross";40;sapien.molestie.orci@sit.net
63;"Priscilla Giles";77;lacus.Quisque.imperdiet@rhoncus.org
64;"Fallon W. Bryant";56;Quisque.nonummy.ipsum@Nuncsollicitudin.edu
65;"May O. Conrad";72;eleifend.Cras.sed@risusat.com
66;"Owen W. Shepard";37;cursus@magnaPraesent.ca
67;"Xavier G. Chaney";81;at.nisi.Cum@tristiquesenectuset.com
68;"Brenna D. Vincent";42;primis@Nullamscelerisqueneque.com
69;"Nelle L. Hyde";51;nibh.Phasellus.nulla@augueut.net
70;"Katell O. Kline";93;quam.Curabitur.vel@tincidunt.org
71;"Mohammad T. Swanson";73;dolor.Fusce.mi@temporaugueac.net
72;"Bianca Mcneil";85;commodo@dolor.ca
73;"Quyn Parks";71;adipiscing@pedeet.org
74;"Ori I. Hammond";25;ligula@Namporttitorscelerisque.ca
75;"Maxine Greene";52;Cras.pellentesque.Sed@eu.co.uk
76;"Price Adams";54;egestas.a@aliquetvel.org
77;"Zachary Q. Richardson";60;Donec.est@atpretiumaliquet.com
78;"Slade J. Yates";26;Quisque.tincidunt.pede@duiCraspellentesque.co.uk
79;"Xanthus Stark";29;Curabitur.massa.Vestibulum@nislNullaeu.co.uk
80;"Adena Sears";75;Sed.molestie@purusDuiselementum.ca
81;"Vivien C. Chandler";73;molestie@fermentumrisus.edu
82;"Oleg Lynch";23;eget@egestas.co.uk
83;"Gil Cote";51;arcu.vel.quam@porttitor.co.uk
84;"Quintessa Elliott";63;vitae@sed.com
85;"Phyllis V. Curry";25;parturient@pellentesqueSed.org
86;"Cally B. Montgomery";99;Mauris.magna@suscipitestac.net
87;"Boris Y. Pope";63;arcu@duilectus.com
88;"Jamalia K. Acosta";92;fermentum.convallis.ligula@magna.co.uk
89;"Wendy Conley";69;augue.porttitor@perconubianostra.net
90;"Grant R. Oliver";66;rhoncus@Sedauctorodio.net
91;"Stacey D. Grimes";98;non@Maurisquisturpis.org
92;"Fleur N. Hutchinson";34;orci@ametconsectetueradipiscing.org
93;"Armand W. Petersen";76;faucibus@arcuSedeu.ca
94;"Regina Z. Marquez";76;Vestibulum.ante.ipsum@enim.net
95;"Kirk Becker";54;nulla@turpisnonenim.com
96;"Noelle M. Golden";24;neque@egestas.net
97;"Nadine Simon";54;condimentum.Donec@morbi.org
98;"Russell Moore";63;nec@vulputate.org
99;"Desirae Glover";85;iaculis.aliquet@nonsollicitudina.ca
100;"Brielle Y. Boyle";38;Vivamus@sitamet.edu
101;"Yael C. Mueller";66;Quisque.porttitor@semperduilectus.net
102;"Cody Y. Stone";74;non@Donecfeugiatmetus.edu
103;"Allen Q. Hansen";96;ut.cursus.luctus@cursus.edu
104;"Rana E. Pierce";65;Suspendisse.ac@Suspendisse.co.uk
